model,accuracy,precision,recall,f1_macro,specificity,sensitivity
Random Forest,0.9776951672862454,0.9733772707945398,0.9733772707945398,0.9733772707945398,0.9840989399293286,0.9626556016597511
SVM (RBF),0.7261462205700124,0.8595933926302415,0.5414937759336099,0.4949579903322544,1.0,0.08298755186721991
KNN (k=5),0.9826517967781908,0.9865709191459784,0.9721456534170051,0.9789875018598423,0.9982332155477032,0.946058091286307
