model,accuracy,precision,recall,f1_macro,specificity,sensitivity
Random Forest,0.9818181818181818,0.975,0.9861111111111112,0.9801372336583605,0.9722222222222222,1.0
SVM (RBF),0.9818181818181818,0.975,0.9861111111111112,0.9801372336583605,0.9722222222222222,1.0
KNN (k=5),0.9818181818181818,0.975,0.9861111111111112,0.9801372336583605,0.9722222222222222,1.0
