feature,mu,sigma
mean_hr,92.07406676443,5.76760750916438
rmssd,116.15227036727102,42.959237046767065
sdnn,125.98357250815944,61.35714462156943
pnn50,0.24011004841376718,0.13510071547135422
scr_count,0.3684210526315789,0.8193950514590741
scr_max_amp,0.020314723253250122,0.04796977211998962
scr_energy,0.013155158459037346,0.044555215513506184
scr_epeak,0.00423576766134877,0.011886478026189685
scl_mean,0.4021846471648467,0.017716057660069312
