feature,mu,sigma
mean_hr,74.14100406044408,2.3781984713782416
rmssd,151.41001088995682,25.040724308746153
sdnn,120.21685750860917,24.954189807397018
pnn50,0.581828916813323,0.12203366113511414
scr_count,0.9736842105263158,1.2408985869067615
scr_max_amp,0.06537441360323053,0.0768210639265167
scr_energy,0.3145251252786501,0.5447055033548903
scr_epeak,0.13027301816302433,0.19091534954787612
scl_mean,3.1587132968400655,0.7493311976001744
