feature,mu,sigma
mean_hr,82.23970423518,3.8400478478615168
rmssd,143.36876193897143,43.936042974926664
sdnn,136.60789974315747,45.410690160563405
pnn50,0.41947691825500716,0.15049534341451112
scr_count,1.2702702702702702,1.465314692189752
scr_max_amp,0.12682322755053238,0.19205948079537832
scr_energy,1.3087526087875705,3.2145138992198254
scr_epeak,0.5048529817177368,1.2785574996612443
scl_mean,5.008290716119714,1.6401722266929515
