feature,mu,sigma
mean_hr,73.44572348343699,2.843595308561051
rmssd,155.35428478843286,23.741289171432292
sdnn,113.35219172427529,18.776702165127347
pnn50,0.6177487809716177,0.10065123627747981
scr_count,0.10526315789473684,0.4525885718428285
scr_max_amp,0.0032506175339221954,0.013976327299208485
scr_energy,0.001992671975657638,0.004078642274759278
scr_epeak,0.0004919679149201041,0.0021163304252485517
scl_mean,0.2851461517183404,0.01392263684491333
