feature,mu,sigma
mean_hr,73.08959147804661,5.68982021059898
rmssd,235.58403637534693,80.77724177069827
sdnn,212.42169370149313,59.21334868682652
pnn50,0.6210209896293775,0.15391365835562326
scr_count,0.631578947368421,0.8829022360735795
scr_max_amp,0.008566877853713538,0.01117239874970539
scr_energy,0.005425690241329568,0.004795291136222596
scr_epeak,0.00284711365269399,0.003909302181996518
scl_mean,0.283498915010377,0.02153323381215362
