feature,mu,sigma
mean_hr,65.26453520122327,3.219490223646528
rmssd,196.8753083881579,29.66170954597255
sdnn,163.4842932851691,23.65897589749497
pnn50,0.6774914617868365,0.11439670659542371
scr_count,0.15789473684210525,0.36953702147663203
scr_max_amp,0.005104341691261844,0.013613911178948408
scr_energy,0.0032973793231097885,0.003644914267796404
scr_epeak,0.0014825374084083659,0.004190488723378022
scl_mean,0.28650439648251785,0.006698894775136142
