feature,mu,sigma
mean_hr,66.0557542098196,3.352642814935479
rmssd,170.55946751644737,23.898278629799464
sdnn,143.55651273225484,26.0738499872159
pnn50,0.7602483808370575,0.0599503705434841
scr_count,0.21052631578947367,0.7035775274456968
scr_max_amp,0.022955242740480525,0.06415639843862082
scr_energy,0.037950564313704443,0.15207081649651125
scr_epeak,0.013649252488424904,0.04322344433519051
scl_mean,1.373108838733874,0.25430156805710075
