feature,mu,sigma
mean_hr,72.7967103322347,2.3805491844169886
rmssd,120.87321122487386,35.989840281359676
sdnn,110.82976521386041,34.24419561744446
pnn50,0.49208640803049813,0.10324433579360574
scr_count,0.16666666666666666,0.6969320524371697
scr_max_amp,0.009667016565799713,0.04010188356569219
scr_energy,0.034657940220010154,0.1591449848689597
scr_epeak,0.00889558500299851,0.040730645703709455
scl_mean,0.2645676251914766,0.24512061056536882
