feature,mu,sigma
mean_hr,59.193710636448216,5.226039552772713
rmssd,193.50712379249367,22.378478931319513
sdnn,200.39539337158203,40.883971074176635
pnn50,0.7564463162400817,0.05790209695914582
scr_count,0.5135135135135135,1.2828272080236083
scr_max_amp,0.04743351726918607,0.12346415716215227
scr_energy,0.26317191605827445,0.7222862723118334
scr_epeak,0.07557454383051074,0.2436854217711016
scl_mean,1.6624462757561658,1.5346693772511992
