feature,mu,sigma
mean_hr,61.309590726285364,3.472273886772269
rmssd,160.86802467139992,34.34148364041247
sdnn,132.10487963702226,24.269390135472065
pnn50,0.6495983716224483,0.09057365769390992
scr_count,0.0,1e-06
scr_max_amp,0.0,1e-06
scr_energy,0.0007140744018141885,0.000479485908485154
scr_epeak,0.0,1e-06
scl_mean,0.13195832979840202,0.021074540382420605
