feature,mu,sigma
mean_hr,65.3742981960899,5.004454691478122
rmssd,178.1282051487973,54.18945239013508
sdnn,156.40851372166685,52.10898968514278
pnn50,0.5254662907936934,0.15295717476431425
scr_count,0.5526315789473685,1.5013033692573214
scr_max_amp,0.018719957749310293,0.04270555388195055
scr_energy,0.10338576365642152,0.3359161471125584
scr_epeak,0.027329246161090105,0.0629262657410383
scl_mean,0.8164071142673492,0.1187723017481339
