feature,mu,sigma
mean_hr,69.8067606875771,2.6685153579995085
rmssd,172.27804043418482,30.09841531825991
sdnn,139.21738052368164,24.600862163028143
pnn50,0.5618592270274644,0.12005746449639786
scr_count,0.02631578947368421,0.16222142113076257
scr_max_amp,0.004808749023236726,0.029643119815603858
scr_energy,0.029627409930598286,0.07476363259811632
scr_epeak,0.009976776022660104,0.0615009778185711
scl_mean,0.6544973336552319,0.5582044221173639
