feature,mu,sigma
mean_hr,71.21732506385216,2.8975039494984247
rmssd,108.71246836735652,38.770277228139165
sdnn,118.40253282204652,33.70249341250802
pnn50,0.4415802099584521,0.1301597686058485
scr_count,0.5897435897435898,1.09347222711461
scr_max_amp,0.050054879333728396,0.0779085467442
scr_energy,0.17062275460324225,0.23340566818936842
scr_epeak,0.06222657668284881,0.09951899216994703
scl_mean,4.658682994353465,0.44215840240880855
