feature,mu,sigma
mean_hr,70.86267069766396,3.4353896510823008
rmssd,135.78051526922928,38.291277546781195
sdnn,113.02343348452919,28.926596574228707
pnn50,0.5448721317712024,0.14882312621311458
scr_count,0.15789473684210525,0.4946369561101646
scr_max_amp,0.0037839372495287343,0.01135329658647493
scr_energy,0.0024488994799627874,0.004519156685644606
scr_epeak,0.0012304517808125208,0.004669785691696206
scl_mean,0.33207931526397405,0.09691545651275082
