feature,mu,sigma
mean_hr,75.07021914030376,2.7488538162163234
rmssd,134.53400621916117,37.12976819175552
sdnn,122.84287171614797,26.400469499687333
pnn50,0.41469284526208733,0.14760583708409314
scr_count,0.05263157894736842,0.22629428592141426
scr_max_amp,0.005974693125800083,0.025688739375547734
scr_energy,0.0035098957198083794,0.005343828751229391
scr_epeak,0.0012112277510919068,0.0052083138813202225
scl_mean,0.262690664514115,0.05000846233864109
